pdb,chain,resn,resi,alpha,beta,gamma,delta,epsilon,zeta,chi,phase-angle
1anr,C A,C,19.0,,-140.2,-130.0,93.9,-153.9,-61.2,-163.3,3.9
1anr,A A,A,20.0,-70.6,169.7,56.9,89.2,-160.9,-88.9,-148.7,32.4
1anr,G A,G,21.0,118.8,-163.2,-162.5,93.6,-146.6,-55.7,-171.3,3.2
1anr,A A,A,22.0,-75.3,-178.1,49.2,92.0,-154.3,-63.6,-163.5,21.6
1anr,U A,U,23.0,144.5,-171.9,167.7,95.2,-85.8,-137.9,-164.1,0.6
1anr,C A,C,24.0,-36.4,129.3,46.9,137.1,-143.9,-159.0,-135.1,147.7
1anr,U A,U,25.0,-77.8,59.5,173.3,92.1,-166.8,-158.7,-156.2,30.6
1anr,G A,G,26.0,43.4,115.2,-56.9,92.3,-167.7,-103.8,-163.5,5.4
1anr,A A,A,27.0,142.1,-104.3,-178.7,104.8,-123.3,-89.0,172.1,87.2
1anr,G A,G,28.0,79.8,-139.7,-130.1,109.0,-124.3,-102.0,-177.0,99.9
1anr,C A,C,29.0,55.6,-156.2,-130.1,106.0,-130.0,-71.0,-155.5,347.8
1anr,C A,C,30.0,-137.0,-139.9,19.9,153.8,-157.6,-7.6,-37.4,230.7
1anr,U A,U,31.0,-148.3,-108.1,61.5,94.3,-143.4,102.5,-152.3,4.7
1anr,G A,G,32.0,65.6,-109.1,-172.7,94.4,-171.6,-151.4,-172.4,15.8
1anr,G A,G,33.0,-35.4,-82.7,-150.3,148.0,-85.8,21.5,-115.7,183.1
1anr,G A,G,34.0,-116.9,68.1,-170.5,107.5,-101.4,-44.1,-102.6,335.3
1anr,A A,A,35.0,-42.3,-99.0,-172.0,149.2,-119.9,-76.4,-162.7,182.0
1anr,G A,G,36.0,83.1,-123.3,-125.4,92.9,-136.1,-99.1,-166.2,2.3
1anr,C A,C,37.0,118.7,-151.0,-160.8,101.2,-140.4,-83.2,-178.3,353.2
1anr,U A,U,38.0,105.0,-161.2,-131.2,99.3,-161.5,-67.5,-177.2,353.3
1anr,C A,C,39.0,142.1,-166.5,-178.6,94.7,-140.2,-44.7,-172.8,7.3
1anr,U A,U,40.0,-98.0,-144.7,40.2,97.1,-112.1,-97.9,-164.9,357.9
1anr,C A,C,41.0,65.5,-139.8,-130.1,92.5,-138.6,-83.1,-160.1,6.3
1anr,U A,U,42.0,-69.0,163.0,58.4,90.5,-162.3,-93.4,-156.0,29.6
1anr,G A,G,43.0,-66.2,174.0,54.3,95.3,,,-151.0,4.4
1lvj,C A,C,19.0,,174.2,64.2,89.0,-163.3,-81.3,-147.9,13.4
1lvj,A A,A,20.0,-65.6,167.9,64.5,89.6,-160.8,-74.4,-153.6,9.3
1lvj,G A,G,21.0,-63.8,167.5,64.3,91.5,-146.5,-60.1,-154.7,9.3
1lvj,A A,A,22.0,-63.9,-177.3,43.0,88.2,-163.1,-82.3,-148.4,15.2
1lvj,U A,U,23.0,102.8,-123.8,-121.8,137.8,-66.5,-145.8,-175.0,164.9
1lvj,C A,C,24.0,-141.7,131.7,25.2,143.8,166.0,24.5,-134.0,171.6
1lvj,U A,U,25.0,137.2,-152.5,27.9,115.4,-47.0,30.4,-43.4,123.4
1lvj,G A,G,26.0,136.9,170.5,151.8,88.1,-163.8,-61.5,-154.3,5.5
1lvj,A A,A,27.0,-68.5,169.5,64.2,79.2,-160.8,-64.7,-157.7,23.4
1lvj,G A,G,28.0,-78.0,-178.0,64.1,82.4,-151.7,-61.9,-162.8,23.3
1lvj,C A,C,29.0,-78.2,175.3,64.1,86.4,-142.0,-82.5,-151.9,21.4
1lvj,C A,C,30.0,40.8,162.7,-49.3,143.2,-178.4,-120.4,-124.8,169.1
1lvj,U A,U,31.0,95.2,-167.0,131.4,139.3,64.3,-42.5,-126.0,166.0
1lvj,G A,G,32.0,-160.5,-57.4,-179.8,139.8,36.4,63.4,-148.8,165.5
1lvj,G A,G,33.0,105.3,115.3,38.3,140.5,-149.9,-98.2,-103.2,166.4
1lvj,G A,G,34.0,-27.5,-155.0,-48.9,141.1,33.1,171.7,-44.7,168.0
1lvj,A A,A,35.0,-91.3,23.2,-175.7,100.1,149.5,-98.6,-178.5,8.6
1lvj,G A,G,36.0,-58.0,177.8,59.2,89.9,-142.4,-78.8,-179.8,12.6
1lvj,C A,C,37.0,-78.4,-172.4,48.2,89.2,-143.4,-81.2,-158.3,5.3
1lvj,U A,U,38.0,-73.4,172.6,58.5,83.7,-150.0,-64.6,-160.6,11.2
1lvj,C A,C,39.0,-73.3,171.3,68.6,87.0,-166.0,-72.6,-164.7,21.5
1lvj,U A,U,40.0,-122.0,-130.1,131.4,82.8,-146.8,-77.6,172.7,22.5
1lvj,C A,C,41.0,-78.6,-171.3,49.6,91.5,-160.5,-77.3,-158.2,8.3
1lvj,U A,U,42.0,-63.8,168.0,64.2,89.3,-163.4,-75.8,-151.4,12.7
1lvj,G A,G,43.0,-60.4,167.8,64.1,88.7,,,-151.6,11.6
1uud,C B,C,19.0,,-176.4,57.4,93.2,-161.7,-56.4,-159.0,5.5
1uud,A B,A,20.0,-70.7,175.7,55.1,90.9,-148.9,-54.3,-164.5,44.3
1uud,G B,G,21.0,-120.1,145.5,118.2,98.5,-134.1,-96.6,-174.7,75.1
1uud,A B,A,22.0,73.9,-161.5,-135.8,93.9,-160.5,-73.0,-162.0,5.4
1uud,U B,U,23.0,-77.8,-120.0,54.9,96.7,-110.7,75.5,-119.9,8.8
1uud,C B,C,24.0,87.7,-66.0,-170.7,93.4,-169.5,-140.7,-127.9,26.2
1uud,U B,U,25.0,-60.3,127.7,-106.2,143.8,-110.0,-122.3,-127.8,161.3
1uud,G B,G,26.0,-128.6,111.3,130.0,91.7,-144.3,-106.5,-175.9,22.3
1uud,A B,A,27.0,126.1,-146.6,-173.3,100.7,-155.3,-65.6,-173.7,346.8
1uud,G B,G,28.0,-59.9,169.9,57.6,86.4,-148.9,-69.3,-171.1,34.1
1uud,C B,C,29.0,-94.5,-173.1,57.5,89.9,-174.7,-32.4,-155.9,28.6
1uud,C B,C,30.0,-102.8,166.2,90.7,98.2,-146.7,-131.9,-169.9,354.4
1uud,U B,U,31.0,-148.7,-105.1,114.6,102.0,-83.7,154.0,-159.8,78.0
1uud,G B,G,32.0,-54.4,80.3,122.6,110.3,-87.5,137.4,174.2,328.4
1uud,G B,G,33.0,97.2,-165.5,146.6,100.8,-160.3,-94.0,159.1,346.8
1uud,G B,G,34.0,-43.4,-38.3,-158.2,119.0,-176.6,-97.7,-90.9,312.5
1uud,A B,A,35.0,153.3,-88.1,138.7,86.8,19.6,62.4,-133.7,49.7
1uud,G B,G,36.0,-136.4,-169.5,36.8,83.0,-141.4,-64.2,-162.4,30.3
1uud,C B,C,37.0,-98.7,-177.8,57.4,86.7,-158.9,-70.0,-155.5,31.4
1uud,U B,U,38.0,-102.9,140.0,123.5,92.2,-161.2,-82.6,-169.9,21.3
1uud,C B,C,39.0,-162.3,-161.9,118.4,94.8,-93.7,-149.1,-152.7,7.0
1uud,U B,U,40.0,115.6,-103.0,164.9,92.6,-133.5,-68.6,176.6,31.1
1uud,C B,C,41.0,-92.6,157.8,82.9,89.3,-145.3,-79.7,-166.4,41.0
1uud,U B,U,42.0,-88.1,-169.8,47.9,92.7,-162.0,-72.7,-155.8,4.7
1uud,G B,G,43.0,-86.1,-177.0,57.2,87.2,,,-153.4,23.7
2kx5,C A,C,19.0,,171.9,55.4,80.3,-155.7,-70.1,-157.4,32.6
2kx5,A A,A,20.0,-64.4,172.2,54.5,80.4,-153.7,-69.9,-158.9,28.4
2kx5,G A,G,21.0,-64.8,171.8,54.5,81.3,-155.6,-68.2,-158.8,32.8
2kx5,A A,A,22.0,-63.4,172.7,54.6,82.8,-151.3,-72.5,-155.1,35.1
2kx5,U A,U,23.0,-62.0,-171.5,53.7,136.5,-159.2,-93.7,-119.0,147.4
2kx5,C A,C,24.0,-48.9,-127.4,54.9,84.7,-156.8,101.2,-154.4,35.4
2kx5,U A,U,25.0,105.7,172.8,50.2,139.1,-158.0,70.1,-111.7,202.3
2kx5,G A,G,26.0,57.0,173.6,52.5,79.9,-155.8,-69.6,-162.3,41.2
2kx5,A A,A,27.0,-66.3,176.8,52.7,81.0,-161.0,-76.5,-159.9,50.3
2kx5,G A,G,28.0,-64.6,174.6,54.7,79.8,-158.5,-72.4,-158.5,44.4
2kx5,C A,C,29.0,-65.5,174.7,53.8,80.5,-155.2,-72.8,-155.2,35.7
2kx5,C A,C,30.0,-65.6,173.1,53.7,80.6,-151.5,-68.9,-156.2,40.8
2kx5,U A,U,31.0,-64.9,171.1,55.3,82.3,-152.0,-65.3,-155.9,42.6
2kx5,G A,G,32.0,-56.6,168.1,59.4,144.3,176.0,-95.3,-118.6,172.0
2kx5,G A,G,33.0,-56.1,173.9,-164.9,91.4,-119.2,-88.7,-161.7,14.5
2kx5,G A,G,34.0,-64.6,-166.6,52.0,138.7,-147.1,-75.3,-154.1,232.7
2kx5,A A,A,35.0,-67.6,-175.9,50.8,139.4,-94.1,-65.9,-101.6,228.4
2kx5,G A,G,36.0,-65.7,169.9,53.8,84.6,-151.4,-69.5,-159.5,16.7
2kx5,C A,C,37.0,-64.9,173.7,53.6,81.0,-155.8,-72.6,-157.3,21.5
2kx5,U A,U,38.0,-64.5,174.2,54.6,78.1,-151.6,-65.8,-157.1,22.5
2kx5,C A,C,39.0,-63.5,166.3,56.5,77.1,-152.8,-67.9,-153.3,37.2
2kx5,U A,U,40.0,-65.7,174.6,53.2,81.9,-149.6,-71.0,-156.0,22.8
2kx5,C A,C,41.0,-68.8,173.6,52.4,83.3,-150.2,-68.3,-155.8,17.6
2kx5,U A,U,42.0,-66.1,174.4,53.0,81.7,-151.0,-70.0,-156.8,27.8
2kx5,G A,G,43.0,-66.1,171.2,53.7,81.3,,,-158.3,27.1
2l8h,C A,C,19.0,,175.1,51.2,86.9,-154.9,-73.9,-162.5,28.1
2l8h,A A,A,20.0,-67.0,171.4,52.4,84.9,-155.4,-74.2,-157.0,32.6
2l8h,G A,G,21.0,-65.9,171.2,54.3,85.8,-155.1,-82.0,-148.1,33.4
2l8h,A A,A,22.0,-66.0,178.5,49.9,102.4,-173.2,-92.9,-123.1,33.7
2l8h,U A,U,23.0,-63.9,-172.7,51.7,137.4,-95.9,76.8,-156.6,153.5
2l8h,C A,C,24.0,61.9,174.3,48.0,139.7,-102.1,66.2,-93.4,205.4
2l8h,U A,U,25.0,57.1,-177.5,47.3,138.2,-176.5,-98.7,-112.9,195.0
2l8h,G A,G,26.0,-67.2,173.4,51.0,86.2,-155.9,-73.9,-162.3,40.7
2l8h,A A,A,27.0,-66.4,178.1,51.7,84.6,-156.9,-74.9,-162.0,38.1
2l8h,G A,G,28.0,-67.4,171.7,51.7,85.6,-155.9,-75.8,-158.1,37.3
2l8h,C A,C,29.0,-67.2,178.4,50.5,94.9,-167.1,-91.8,-127.9,49.5
2l8h,C A,C,30.0,-66.5,174.7,50.1,111.8,-151.3,-73.5,-123.6,30.1
2l8h,U A,U,31.0,-66.5,179.3,50.2,130.2,-152.1,-94.2,-118.8,148.0
2l8h,G A,G,32.0,102.9,173.3,50.3,137.8,-149.6,-73.0,-158.3,243.5
2l8h,G A,G,33.0,-69.9,172.5,50.7,110.5,-148.2,-71.5,-157.8,77.4
2l8h,G A,G,34.0,-65.9,178.1,51.6,139.0,-174.5,-95.2,-105.2,228.7
2l8h,A A,A,35.0,-61.4,173.2,53.4,114.2,-179.9,-92.2,-89.7,324.7
2l8h,G A,G,36.0,-61.9,169.1,55.8,86.9,-158.6,-71.5,-158.7,26.0
2l8h,C A,C,37.0,-64.2,168.7,54.8,84.2,-156.9,-72.6,-156.7,30.7
2l8h,U A,U,38.0,-65.7,170.3,53.5,83.8,-152.1,-71.7,-156.4,30.9
2l8h,C A,C,39.0,-66.9,173.2,52.4,83.7,-150.7,-68.5,-157.0,36.1
2l8h,U A,U,40.0,-67.7,167.5,52.0,89.1,-151.2,-70.1,-145.8,23.6
2l8h,C A,C,41.0,-67.6,169.6,52.1,85.3,-153.0,-70.0,-156.1,25.4
2l8h,U A,U,42.0,-66.4,171.5,52.1,84.2,-153.9,-72.5,-157.3,34.4
2l8h,G A,G,43.0,-67.1,169.7,52.0,84.1,,,-158.1,37.8
6d2u,C B,C,19.0,,170.1,55.1,82.5,-154.4,-70.0,-158.3,29.0
6d2u,A B,A,20.0,-65.8,172.3,54.3,81.9,-154.2,-71.2,-158.1,26.2
6d2u,G B,G,21.0,-66.5,169.9,54.3,82.7,-154.2,-68.9,-158.4,32.9
6d2u,A B,A,22.0,-65.3,174.6,54.2,81.7,-150.2,-86.9,-157.7,40.8
6d2u,U B,U,23.0,-64.6,-177.5,55.5,81.6,-162.6,-126.8,-156.6,48.9
6d2u,C B,C,24.0,-76.5,170.3,177.5,128.8,-125.4,80.0,-159.8,143.9
6d2u,U B,U,25.0,-72.1,138.1,55.7,139.3,-156.7,-75.8,66.6,157.9
6d2u,G B,G,26.0,118.9,173.2,53.9,82.5,-156.8,-71.7,-175.0,27.2
6d2u,A B,A,27.0,-64.8,176.4,55.4,81.2,-155.9,-71.5,-157.7,29.5
6d2u,G B,G,28.0,-66.2,168.1,55.3,82.5,-156.7,-69.9,-158.4,35.9
6d2u,C B,C,29.0,-63.7,171.7,56.2,82.7,-155.3,-70.3,-158.7,37.4
6d2u,C B,C,30.0,-64.0,173.1,56.0,82.3,-155.4,-68.7,-159.1,31.1
6d2u,U B,U,31.0,160.1,-170.8,177.1,125.5,177.4,-99.4,-118.6,141.4
6d2u,G B,G,32.0,-140.0,164.9,50.8,143.3,-150.6,-72.4,-117.6,171.1
6d2u,G B,G,33.0,-62.5,-177.1,55.8,141.5,-108.2,92.9,-157.3,164.0
6d2u,G B,G,34.0,-70.4,145.6,52.8,140.9,-98.5,-178.7,-87.6,165.3
6d2u,A B,A,35.0,76.9,-55.7,179.3,142.0,-172.8,165.7,76.0,167.0
6d2u,G B,G,36.0,-68.8,167.6,51.6,81.7,-153.0,-71.5,-162.0,32.5
6d2u,C B,C,37.0,-67.5,173.6,53.2,81.2,-151.3,-70.2,-158.2,30.7
6d2u,U B,U,38.0,-67.2,169.7,54.2,81.8,-155.6,-71.2,-157.6,37.7
6d2u,C B,C,39.0,-65.3,168.4,56.5,83.2,-156.5,-68.9,-157.9,41.0
6d2u,U B,U,40.0,-63.7,171.0,56.3,82.6,-155.1,-71.5,-158.1,26.3
6d2u,C B,C,41.0,-66.1,170.9,54.4,82.4,-152.9,-69.9,-157.3,25.9
6d2u,U B,U,42.0,-66.2,170.8,54.5,81.9,-153.9,-70.7,-157.9,28.4
6d2u,G B,G,43.0,-66.3,170.1,54.5,82.0,,,-158.3,29.8
6mce,C A,C,19.0,,171.9,56.2,77.8,-155.6,-64.5,-152.2,9.7
6mce,A A,A,20.0,-78.2,176.4,58.5,74.4,-155.1,-66.8,-158.9,10.2
6mce,G A,G,21.0,-78.2,179.4,55.4,70.7,-153.5,-73.0,-166.4,8.8
6mce,A A,A,22.0,-62.1,-172.2,48.7,87.9,-92.9,-53.3,-159.4,3.8
6mce,U A,U,23.0,-131.0,75.7,-178.2,142.4,-99.9,125.1,-126.1,154.5
6mce,,,,,,,,,,,
6mce,U A,U,25.0,-57.6,-160.3,-158.1,83.7,-154.2,84.6,-118.0,30.2
6mce,G A,G,26.0,64.7,81.6,178.6,85.8,-156.6,-64.2,-167.5,358.7
6mce,A A,A,27.0,-80.1,-172.8,54.4,74.8,-154.0,-66.8,-170.2,14.3
6mce,G A,G,28.0,-71.7,169.4,70.5,74.1,-157.9,-62.5,-169.7,7.1
6mce,C A,C,29.0,-67.9,179.4,62.7,73.1,-151.8,-76.5,-158.9,16.1
6mce,C A,C,30.0,-70.2,162.6,63.1,81.5,-152.1,-62.0,-150.0,17.0
6mce,U A,U,31.0,-76.4,175.7,57.2,80.0,-165.2,-74.4,-132.1,18.8
6mce,G A,G,32.0,122.1,163.3,73.3,103.6,-148.7,-68.0,-67.8,319.6
6mce,G A,G,33.0,-79.8,165.7,66.7,90.0,-110.2,-75.5,-139.6,5.2
6mce,G A,G,34.0,180.0,-176.9,-164.1,97.2,-68.6,-160.1,-104.7,328.7
6mce,A A,A,35.0,76.0,-118.8,74.3,99.6,-106.5,-93.9,-88.4,334.0
6mce,G A,G,36.0,15.9,171.2,56.0,81.7,-159.1,-63.0,-167.6,4.5
6mce,C A,C,37.0,-71.3,171.1,63.1,72.9,-156.4,-69.8,-167.1,8.1
6mce,U A,U,38.0,-65.7,174.4,61.5,85.4,-152.9,-44.9,-165.3,5.0
6mce,C A,C,39.0,-83.1,178.3,53.4,60.7,-163.7,-67.9,-166.8,27.6
6mce,U A,U,40.0,-68.6,173.7,62.3,70.7,-156.6,-68.9,-165.1,11.0
6mce,C A,C,41.0,-67.5,176.5,60.5,78.3,-153.5,-64.9,-164.5,7.9
6mce,U A,U,42.0,-75.0,175.9,62.1,75.7,-157.3,-67.7,-160.8,11.7
6mce,G A,G,43.0,-75.8,176.4,64.1,77.6,,,-159.8,12.9
