chain,resi,alpha_sd,beta_sd,gamma_sd,delta_sd,epsilon_sd,zeta_sd,chi_sd,phase-angle_sd,top_angle,max_sd
A,19,0.14696941698498586,0.1843909805571431,0.11000002094130881,0.20024986873203568,0.3832764711806933,0.3263439927481396,0.34698761909745884,0.8357102659744112,phase-angle,0.8357102659744112
A,20,0.17888553980598554,0.2638180903450489,0.219317034992295,0.3176478683181796,0.3261902480529942,0.20223756122087172,0.3340664577926019,0.8820565561944963,phase-angle,0.8820565561944963
A,21,0.12845234757502205,0.5796579691635116,0.3039739991794694,0.3903851059072296,1.0433239298182473,4.9737976935161505,0.9308051934812219,0.7756318966900785,zeta,4.9737976935161505
A,22,0.821228912634548,2.28563200902136,0.6341184619825029,1.96472118034146,5.220402433252043,1.1534395203964938,0.8694904551396371,7.630454172471682,phase-angle,7.630454172471682
A,23,0.7085233093675097,2.1386797649326286,0.3469877007440573,0.5314150776633506,0.39799610274767494,0.6422666006253146,0.23430718167158784,1.3425605329718913,beta,2.1386797649326286
A,24,1.8132778045349458,0.6040717739325899,1.4880356217595074,1.1101249103351736,2.9819348180054757,0.7453888241342504,28.79052999704267,13.656445252584007,chi,28.79052999704267
A,25,1.3431977436664124,2.2666468030086038,0.5180760335305581,0.8576806202668557,0.3132092468395732,0.24166104969453406,1.861190691803021,3.8304172438791557,phase-angle,3.8304172438791557
A,26,0.4214247090623309,0.655826297506022,0.23151674319379503,0.22000020488804176,0.5436881791265944,0.36823915936772195,0.37161866253283854,0.5946467281978951,beta,0.655826297506022
A,27,0.37682985284211296,0.30479519887031303,0.3634555761868537,0.2181744281406161,0.604072794608547,0.4272009185165035,0.6870935343325104,0.9049390994465292,phase-angle,0.9049390994465292
A,28,0.8593649931132832,0.4715941686843433,0.4630343915507564,0.11357813802344022,0.41424694597612854,0.5344120086948019,0.44283261791185835,0.8665458491642453,phase-angle,0.8665458491642453
A,29,0.24083192488256125,1.2741277605175094,0.4142445486682509,0.8482891125160029,2.7716733498822252,7.839767887355708,3.351991754789673,1.387100337767797,zeta,7.839767887355708
A,30,0.3091927375622342,0.4445220996399703,0.219088957651603,2.300969765777185,0.7427047797172203,0.7472677429653333,2.169961869881637,7.253240822902383,phase-angle,7.253240822902383
A,31,0.7147768522157605,0.6368686775279915,0.5895782936684514,9.28092065816621,10.261685006965065,1.4659503388412616,2.7403206248481315,63.31756197477465,phase-angle,63.31756197477465
A,32,12.142346793466706,0.9115396645984073,0.5216309955537584,0.8234683092279145,3.9489941348865263,7.625341729664722,18.608697703878402,8.644767270486332,chi,18.608697703878402
A,33,1.4702912077103043,0.621604291272879,0.6974286131368155,8.472111455771739,1.7369639255955067,5.918005742020237,18.86995632532242,27.93941714781311,phase-angle,27.93941714781311
A,34,1.2609910130992354,1.6447146672802477,0.9832962207535223,5.012490115072968,1.224922758427532,0.828499339887163,4.004750586055308,25.428823141136803,phase-angle,25.428823141136803
A,35,0.6331708415462802,0.9383574275118542,0.8611684661877661,0.9088565408517236,1.663681728688128,1.9805108942851137,2.6994965589262496,2.03866794643621,chi,2.6994965589262496
A,36,1.0759092686069476,1.3433036302578167,0.6829367254072455,0.7059780238862321,0.6472277243759536,0.3930653491516587,0.5495464886311763,2.4343435753821905,phase-angle,2.4343435753821905
A,37,0.5844685899126842,0.601333686378282,0.6066305475161721,0.23769743068230653,0.34698751111762316,0.291375733748612,0.17776390886389518,1.619802943670299,phase-angle,1.619802943670299
A,38,0.40546247764728016,0.46087022771650327,0.41821073452779073,0.290689211028941,0.20591237613950125,0.24819368521677593,0.15779738592544124,1.0700103640725436,phase-angle,1.0700103640725436
A,39,0.17000003899277957,0.732398962083801,0.18574187951982454,0.22449966307613414,0.4582585998327547,0.8443451224654931,0.34058827617742193,0.8799997770243762,phase-angle,0.8799997770243762
A,40,0.6273796648887268,2.792916232052891,0.484666941717591,1.4382291351597727,0.8854525492803229,0.5611565151833763,10.29383589451612,1.9065955790120026,chi,10.29383589451612
A,41,0.4026167919903584,1.9785346460203799,0.36124883676531944,0.5448854362726407,0.37269306197915986,0.263818260076515,0.9614743544403459,2.1324502083642534,phase-angle,2.1324502083642534
A,42,0.3170173882966544,0.34770706371916654,0.19209373985371667,0.2736789667800764,0.2537717866858225,0.21189630493434755,0.16124520912377302,0.9100088623908704,phase-angle,0.9100088623908704
A,43,0.1118033957555019,0.4516637042242089,0.14456834295035154,0.2000000888493262,0.20591273562832527,0.22561042859208402,0.19519225669635146,0.48466419505961367,phase-angle,0.48466419505961367
