resi,angle,circ_sd_deg
25.0,zeta_sd,121.88688844497806
34.0,gamma_sd,116.41178800872177
32.0,alpha_sd,115.30534638803637
35.0,phase-angle_sd,113.83447329595693
32.0,phase-angle_sd,100.70376893764411
33.0,phase-angle_sd,99.24940797557691
35.0,alpha_sd,98.85389116309683
25.0,alpha_sd,98.62472570942464
25.0,gamma_sd,96.82341659114037
24.0,alpha_sd,89.47849274663284
26.0,alpha_sd,85.50589947974942
23.0,zeta_sd,84.74280266311268
23.0,gamma_sd,81.12367745823177
24.0,zeta_sd,78.61541644858775
32.0,zeta_sd,78.24110525847006
23.0,phase-angle_sd,78.09392675166893
26.0,gamma_sd,77.44466846147422
23.0,alpha_sd,76.59882225498983
34.0,phase-angle_sd,76.57194196988254
33.0,gamma_sd,75.34731260952611
33.0,alpha_sd,74.61850294971141
31.0,alpha_sd,74.3843600098939
24.0,phase-angle_sd,73.87981233644236
30.0,phase-angle_sd,73.23525342501625
31.0,zeta_sd,72.87775718503474
24.0,gamma_sd,71.84407005985874
25.0,phase-angle_sd,71.46452035392963
27.0,alpha_sd,70.9276680329955
35.0,beta_sd,68.3808745113234
31.0,phase-angle_sd,67.92167014641174
35.0,epsilon_sd,67.78075948274521
32.0,beta_sd,67.24371683584096
34.0,beta_sd,66.76774980009701
34.0,epsilon_sd,65.57410999886726
36.0,alpha_sd,65.00628489019054
35.0,zeta_sd,64.16349592369163
35.0,gamma_sd,64.11517242463663
33.0,zeta_sd,63.94350697864154
35.0,chi_sd,60.705102839555586
25.0,chi_sd,60.06393754969426
27.0,gamma_sd,59.794087038682285
24.0,beta_sd,59.7888048286707
32.0,gamma_sd,59.24840188626376
32.0,epsilon_sd,57.52759127797711
39.0,alpha_sd,55.695242549914354
31.0,epsilon_sd,55.291771486923544
34.0,zeta_sd,54.64755197535235
38.0,gamma_sd,53.63548411585313
40.0,alpha_sd,52.12949254991414
21.0,alpha_sd,51.33111894787224
38.0,alpha_sd,49.285827742408074
30.0,alpha_sd,48.74548234049329
41.0,gamma_sd,48.43032989470415
37.0,alpha_sd,48.38494345424616
21.0,gamma_sd,48.05726641666987
23.0,beta_sd,48.05152279951734
25.0,beta_sd,47.897108900531606
36.0,gamma_sd,47.65585634426829
28.0,gamma_sd,47.313074280593156
34.0,alpha_sd,47.26965603266298
29.0,gamma_sd,47.14247752395436
22.0,gamma_sd,47.10919279468322
19.0,gamma_sd,47.08537029652571
31.0,gamma_sd,46.69320134335112
40.0,gamma_sd,44.915429063700095
28.0,alpha_sd,44.85714645799641
39.0,gamma_sd,44.323827289962196
37.0,gamma_sd,44.12296799767357
41.0,alpha_sd,44.09775391641273
33.0,beta_sd,43.85071018199875
22.0,alpha_sd,43.352065461217826
29.0,alpha_sd,42.2593421542385
25.0,epsilon_sd,41.24145247500464
30.0,gamma_sd,40.600448735442626
30.0,chi_sd,40.26279198510132
30.0,zeta_sd,38.319966590725386
32.0,chi_sd,37.65339805864442
26.0,beta_sd,36.88839194002583
