resi,alpha_mean,alpha_sd,beta_mean,beta_sd,gamma_mean,gamma_sd,delta_mean,delta_sd,epsilon_mean,epsilon_sd,zeta_mean,zeta_sd,chi_mean,chi_sd,phase-angle_mean,phase-angle_sd
19.0,,,180.53432154528588,16.28205754405741,57.89594068653264,47.08537029652571,86.22891403898325,5.805975092891351,202.93055999340078,3.509183324673883,291.8029791190845,7.68489103665812,202.7673441771907,5.090171395829115,17.446238817037,11.238235168397637
20.0,291.10473107569317,4.423596955314793,172.22845103356826,2.810343012984751,56.59708857028738,3.6973179042841147,84.47578874466274,5.541447311784441,204.42848519617758,3.8896588638127843,288.6167265328817,9.552969676140766,202.89841836034574,4.552581644477251,26.218327377260493,11.691443359184891
21.0,281.01808489100983,51.33111894787224,171.742606044765,14.121236505352991,74.41428940291132,48.05726641666987,86.31183043793203,8.547362520950003,210.6067760021297,7.181903855569478,287.9986762216762,12.760036134973681,198.22969150085,8.764581286548719,27.35177168951293,22.760809713594867
22.0,301.04422100857323,43.352065461217826,182.36455115690387,8.098320127047737,51.08151891462927,47.10919279468322,89.83444792313486,6.561254070277686,209.42526695122348,23.898991132075718,285.04444149636856,12.711016525190045,207.08366831198956,12.916763131956815,22.238376656649848,13.755644459827042
23.0,267.1571110122788,76.59882225498983,193.9523685128138,48.05152279951734,93.353972805203,81.12367745823177,118.51124852720352,24.217726644120162,249.54608198522254,34.281287570985604,186.64416456263635,84.74280266311268,214.62317157666652,21.579489585895754,110.31387892188854,78.09392675166893
24.0,323.35642798651907,89.47849274663284,178.67770292420596,59.7888048286707,71.96442377222093,71.84407005985874,121.68436555613312,23.57187015883924,211.28893962418044,30.02390670205135,100.20012352629851,78.61541644858775,225.52899760366233,21.52414422615131,134.56566480166845,73.87981233644236
25.0,313.1814909774767,98.62472570942464,161.04112680418825,47.897108900531606,70.31218600638579,96.82341659114037,122.07619618033414,23.301983461336544,215.87348716626184,41.24145247500464,264.0907198002101,121.88688844497806,246.17114100045615,60.06393754969426,143.66153648248667,71.46452035392963
26.0,83.7873315562174,85.50589947974942,144.10780579122866,36.88839194002583,93.07074330505537,77.44466846147422,86.64332834444082,4.196933285325807,202.7229270014431,6.807903227460892,281.4644972118799,17.243627107547688,194.17263833040946,7.091463702676035,20.126606482337593,16.17206857601203
27.0,276.85350069881537,70.9276680329955,192.2189255087981,28.350639174110235,78.37789599236817,59.794087038682285,86.56725391458724,10.629728650335762,207.3714502520638,12.11560327629554,287.3097596504242,7.8893766757006425,193.03938321603977,10.288162740731826,32.322281509334516,28.976733908477996
28.0,297.9801596504955,44.85714645799641,178.95319705832435,17.125003728372665,60.789173791724124,47.313074280593156,85.60653276035777,10.223833718487592,209.31988472264322,11.165591138720545,286.75001479732464,12.53618292442424,194.9220789491596,6.990431509844351,38.99708213936424,26.538113439306183
29.0,295.6977939407095,42.2593421542385,181.38550379488188,10.142666935866988,58.97836685627425,47.14247752395436,87.6208079975886,9.886083335566418,206.24671302385454,13.797004587136215,288.6092358625381,17.209492734869897,207.90343689627633,10.055157203133872,25.48064818192023,18.350711878402482
30.0,286.60592982941813,48.74548234049329,175.48308031537658,18.433474827034,45.3782225124159,40.600448735442626,106.60388598125155,28.5419465271169,203.92941155800855,9.61127552919949,283.36798107010685,38.319966590725386,222.5374408287425,40.26279198510132,24.48008662821894,73.23525342501625
31.0,236.16404965921106,74.3843600098939,200.46272453515863,33.67897266168233,88.2662283234447,46.69320134335112,107.58972414997959,22.41502992371035,204.7060382013776,55.291771486923544,271.3283633817315,72.87775718503474,222.39288114112563,16.67601293678873,85.24428421813167,67.92167014641174
32.0,173.285998394216,115.30534638803637,178.8747115537667,67.24371683584096,96.48882034161761,59.24840188626376,124.94634676277019,19.799719352260603,208.20329169404803,57.52759127797711,263.9720628622642,78.24110525847006,219.7801901081561,37.65339805864442,236.83889230031076,100.70376893764411
33.0,310.98603059526647,74.61850294971141,178.95771813459532,43.85071018199875,95.7067162003201,75.34731260952611,117.44733322572881,23.591146696051474,233.95776758454184,25.55315404613819,289.5693456241168,63.94350697864154,212.17716205225508,30.21747821919559,81.75217868313712,99.24940797557691
34.0,285.5335446717482,47.26965603266298,176.8069198804369,66.76774980009701,115.15659923179703,116.41178800872177,126.3550028225522,16.985695158149273,237.0823695633958,65.57410999886726,240.5735067382966,54.64755197535235,261.5658954993106,29.816772380979103,254.3553781416365,76.57194196988254
35.0,316.8005285088671,98.85389116309683,251.0920927633427,68.3808745113234,126.75842175454375,64.11517242463663,118.73092944307388,23.088194433672957,217.30469552055573,67.78075948274521,268.18872309262093,64.16349592369163,229.91736721434154,60.705102839555586,317.1256479970652,113.83447329595693
36.0,305.426133392169,65.00628489019054,182.19284776189522,22.788880940472076,51.748295537631634,47.65585634426829,85.81238364069401,3.98884396049051,211.13794281364588,8.32169727224054,286.1572524430063,11.343962339938695,194.8477713997301,6.682134424019142,17.847636444075704,11.27141785508071
37.0,283.3595838650133,48.38494345424616,180.702105898567,13.007557283620885,61.51007983978462,44.12296799767357,85.18423650447943,8.108322988454299,208.11771608651944,6.705265514299029,285.7774245935568,5.185830788225645,198.40267455947088,7.6632330369501735,17.335652856820445,14.112198491203115
38.0,287.3842291249303,49.285827742408074,171.5059068490018,15.826814471330675,69.9549959982188,53.63548411585313,86.3161980823412,6.603546986050969,205.01661715410603,4.31788413039438,293.05177445191475,10.541971272004885,196.57209506271172,7.239070515432789,17.45255027986434,14.221864804072178
39.0,268.9779552907065,55.695242549914354,178.38624484363459,11.61024279619164,76.63310320363718,44.323827289962196,83.08748983447651,10.854985108882067,212.79300652044776,22.66797063328616,285.4814249286762,29.893175742582486,199.26463859044262,6.973290224500055,25.42628791740526,13.041969201433709
40.0,276.1747791675474,52.12949254991414,197.1532274677158,33.48279971845605,74.5509046679174,44.915429063700095,85.26473374276463,7.9789867340664475,216.2388253020837,14.624653402372365,284.9955826222902,9.70462309023723,194.24439933933112,13.81331196917176,19.374731591045816,10.393900186048306
41.0,293.7618125308097,44.09775391641273,179.20358483972586,18.573676878985133,60.297338189010475,48.43032989470415,86.08635542063894,4.832806224093342,209.4225200931687,6.434681409812567,286.6890844620744,6.226409919244684,200.2305028915031,3.859658962267558,18.864097689877042,11.809777067858604
42.0,289.3778331620008,7.848639469824485,173.37486277641403,7.90034987512453,56.027452647479436,5.377892215331982,85.14475081286918,5.551103402309462,202.3139787059638,4.569969672793216,285.3581947424914,7.980221681563803,203.42813174902355,2.6156907327689636,21.348448598943662,10.54325188680583
43.0,290.3124502211898,7.893789849085954,173.16597776928722,4.809992779891858,57.12521540948006,4.633355177722509,85.1673132062225,5.381951878714569,,,,,204.2136491891369,3.386261057792377,21.04561687660174,10.933787361268609
